File_Type,GValue
File_Version,2
GP,

MTP_Type,96Wells_Square
MTP_Wells_X,12
MTP_Wells_Y,8
Timestamp,20211027_135336
MTP,3
Plate-ID,
Cal File Used,cal_white96square
Well_Distance_X_MM,9
Well_Distance_Y_MM,9
Well_Shape,Square
Spot_Shape,Rectangle
Rectangle_Spot_Size_X_MM,6,0
Rectangle_Spot_Size_Y_MM,6,0
Deviation_From_Center_X_MM,0,0
Deviation_From_Center_Y_MM,0,0
Deviation_From_Perfect_Parallelness_DEG,0,0
Geometric_Correction_MM,0,50
Ignore_Top_G_Pixel_Percent,25,0
Ignore_Bottom_G_Pixel_Percent,10,0

Time (min),A1,A2,A3,A4,A5,A6,A7,A8,A9,A10,A11,A12,B1,B2,B3,B4,B5,B6,B7,B8,B9,B10,B11,B12,C1,C2,C3,C4,C5,C6,C7,C8,C9,C10,C11,C12,D1,D2,D3,D4,D5,D6,D7,D8,D9,D10,D11,D12,E1,E2,E3,E4,E5,E6,E7,E8,E9,E10,E11,E12,F1,F2,F3,F4,F5,F6,F7,F8,F9,F10,F11,F12,G1,G2,G3,G4,G5,G6,G7,G8,G9,G10,G11,G12,H1,H2,H3,H4,H5,H6,H7,H8,H9,H10,H11,H12,,Input_Image
0,"14,938","14,446","14,278","15,964","17,276","18,660","20,039","17,994","17,237","16,492","16,930","17,967","15,257","14,628","14,822","15,321","17,485","18,920","18,749","18,943","18,131","17,893","16,213","16,820","15,862","15,195","15,158","15,847","17,866","17,432","17,707","18,071","17,580","17,274","14,461","13,665","15,387","15,636","15,246","16,603","16,316","17,128","14,470","17,957","15,276","13,772","13,130","14,379","14,358","14,295","14,983","15,902","16,957","16,979","18,410","17,469","13,915","11,732","11,308","11,816","13,531","13,336","12,970","14,413","16,252","15,838","18,184","18,620","15,767","12,969","11,517","12,658","15,346","13,627","13,494","14,967","16,813","17,799","17,941","17,062","16,655","16,130","14,515","14,369","17,933","15,606","14,583","16,538","18,288","19,840","20,328","19,744","18,010","18,522","19,361","20,849",,mtp03_20211027_135336.bmp
30,"15,086","14,120","13,956","15,525","16,034","18,356","19,381","16,897","16,176","15,385","15,795","17,247","14,676","13,695","14,031","14,548","16,770","19,552","18,430","18,383","17,462","17,133","15,180","16,237","15,928","14,917","14,743","15,279","17,497","17,037","17,824","18,285","17,378","17,176","14,011","13,808","15,700","15,592","15,230","16,501","16,715","17,550","16,658","18,116","15,410","14,173","13,323","14,959","13,730","13,568","14,211","14,837","16,219","16,474","17,702","16,540","12,978","11,760","11,417","12,083","13,024","12,549","12,690","14,166","15,627","15,731","17,735","17,526","14,170","12,566","11,693","12,630","14,080","12,601","12,661","13,581","15,382","17,181","18,040","16,356","15,854","14,634","13,731","13,842","16,380","14,250","13,789","15,321","17,630","21,241","21,880","20,115","17,210","17,734","19,229","21,070",,mtp03_20211027_142337.bmp
60,"15,708","14,389","14,091","15,797","16,599","18,987","19,366","17,791","16,930","16,103","17,059","18,527","15,542","14,076","14,428","15,266","17,370","19,986","18,673","18,544","17,944","18,285","16,634","18,182","16,759","15,567","15,436","16,075","18,669","17,970","18,550","19,011","18,123","18,204","15,190","14,725","16,784","16,515","16,101","17,712","18,025","19,340","18,619","18,886","16,428","14,730","14,273","15,896","13,636","13,825","14,473","15,219","16,727","16,690","17,526","16,564","13,013","11,825","11,567","12,200","13,121","12,707","12,762","13,775","15,653","15,776","17,476","17,173","14,075","12,836","12,029","13,044","13,805","12,690","12,758","13,621","15,025","16,703","17,668","15,868","14,996","13,973","13,395","13,839","15,537","14,042","13,784","15,124","16,308","20,128","21,689","19,501","15,590","15,528","18,217","20,476",,mtp03_20211027_145337.bmp
"91,5","16,583","14,933","14,696","16,249","17,027","19,841","19,924","18,338","16,973","16,037","17,294","18,904","16,099","14,368","14,658","15,778","17,973","21,009","19,338","19,061","18,662","18,772","16,964","18,407","17,531","16,331","16,175","16,960","20,017","19,006","19,987","20,012","19,206","19,058","15,362","15,269","17,840","17,482","17,274","19,167","19,558","20,856","20,666","20,052","17,414","15,501","14,812","16,597","13,720","13,946","14,702","15,925","17,095","17,468","17,901","16,800","13,245","12,038","11,728","12,226","13,360","12,895","13,005","13,954","16,091","16,069","17,876","17,617","14,476","13,255","12,388","13,404","14,204","13,070","13,156","13,963","15,431","16,950","17,109","15,990","14,853","14,176","13,678","14,162","15,563","14,241","14,021","15,313","15,718","20,264","21,513","19,303","15,093","15,433","17,584","19,439",,mtp03_20211027_152502.bmp
"122,75","17,487","15,947","15,659","17,308","17,632","20,747","20,182","18,921","17,453","16,658","17,604","19,337","16,551","14,914","15,186","16,372","18,393","21,732","20,079","19,749","18,967","19,261","17,826","18,599","18,219","16,898","16,817","17,403","20,211","19,328","20,513","21,299","19,722","19,621","16,206","16,952","18,936","18,301","18,066","19,773","20,501","22,256","22,229","21,224","18,203","16,329","15,785","17,681","14,580","14,380","15,224","16,403","17,866","18,032","18,759","17,638","13,772","12,434","12,099","12,668","13,874","13,357","13,451","14,908","16,483","16,673","18,436","18,235","15,248","13,599","12,737","13,838","14,840","13,509","13,706","14,507","15,774","17,558","18,267","16,755","16,146","14,897","14,354","14,880","15,884","14,637","14,335","15,717","16,084","20,752","22,061","19,203","15,282","15,479","17,685","19,417",,mtp03_20211027_155614.bmp
"152,5","18,523","16,487","16,034","17,589","18,276","20,984","20,463","19,154","17,762","16,891","18,183","19,867","16,922","15,069","15,369","16,600","18,633","22,241","20,298","20,115","19,310","19,366","17,872","18,978","18,682","17,385","17,316","17,690","20,924","19,791","20,639","21,489","20,000","19,444","16,283","16,918","19,432","18,869","18,452","20,567","21,349","22,996","23,314","21,990","18,936","16,503","16,056","18,071","14,657","14,549","15,330","16,212","18,113","18,323","18,746","17,353","13,923","12,816","12,423","13,101","14,295","13,520","13,667","14,925","16,580","16,759","18,203","18,087","15,323","13,861","13,009","14,043","15,516","13,937","14,015","14,900","15,930","17,604","18,155","16,829","16,300","15,300","14,709","15,138","16,166","14,954","14,633","15,981","16,396","20,639","21,803","18,792","15,340","15,614","17,422","19,143",,mtp03_20211027_162613.bmp
"182,75","19,358","17,330","16,888","18,358","18,904","21,698","21,101","19,782","18,155","17,307","18,204","20,016","17,340","15,530","15,884","17,107","19,238","22,517","20,854","20,598","19,680","19,866","18,339","19,256","19,067","17,741","17,579","18,191","21,087","20,516","21,301","22,240","20,475","19,753","16,551","17,280","19,956","19,225","18,802","20,985","21,859","23,251","24,185","22,572","19,449","17,025","16,517","18,422","15,025","14,765","15,729","16,714","18,265","18,668","19,148","17,592","14,238","12,929","12,583","13,230","14,481","13,784","14,011","15,462","16,957","17,038","18,589","18,706","15,725","14,106","13,234","14,298","15,664","14,206","14,289","15,150","16,654","18,401","19,074","17,393","16,845","16,074","15,043","15,647","16,685","15,379","15,165","16,557","16,803","20,981","22,573","18,939","15,605","15,846","17,513","19,265",,mtp03_20211027_165614.bmp
"212,5","19,982","17,617","17,053","18,549","19,321","21,896","21,521","20,022","18,420","17,714","18,967","20,713","17,489","15,754","15,992","17,241","19,195","22,808","21,438","20,872","19,721","19,754","18,503","19,382","19,519","18,010","17,920","18,236","21,633","20,838","21,751","22,380","20,608","19,941","16,862","17,475","20,350","19,467","19,248","21,285","22,150","23,747","24,903","22,735","19,587","16,789","16,483","18,434","15,174","14,872","15,558","16,786","18,094","18,768","19,381","17,570","14,364","13,224","12,850","13,551","14,569","13,824","13,955","15,298","17,096","17,349","18,920","18,508","16,019","14,373","13,571","14,561","16,026","14,352","14,428","15,324","17,002","18,101","19,680","17,406","16,744","16,071","15,287","15,671","17,066","15,718","15,394","16,740","17,227","21,403","22,565","19,232","16,005","16,198","18,117","19,814",,mtp03_20211027_172613.bmp
"242,5","20,050","18,089","17,498","19,031","19,466","22,325","21,908","20,488","18,739","18,095","18,874","20,765","17,841","16,017","16,520","17,671","19,695","23,317","21,902","21,264","20,053","20,342","18,815","19,589","19,826","18,372","17,993","18,487","22,025","21,009","22,588","22,880","20,962","20,415","16,811","17,718","20,524","19,738","19,413","21,826","22,603","24,381","25,311","23,089","19,853","17,278","16,882","18,758","15,287","14,884","15,942","16,869","18,541","18,863","18,948","17,881","14,278","13,230","12,943","13,603","14,687","13,936","14,099","15,429","17,102","17,199","18,916","18,975","15,763","14,440","13,631","14,626","15,826","14,442","14,577","15,408","17,057","18,480","19,428","17,465","16,877","16,203","15,221","15,685","17,394","16,012","15,737","17,137","17,807","22,112","23,206","19,435","16,155","16,409","18,413","19,973",,mtp03_20211027_175613.bmp
"272,5","20,320","18,094","17,541","18,895","19,568","22,519","22,388","20,835","18,977","18,196","19,394","21,503","18,382","16,263","16,528","17,860","20,122","23,571","22,364","21,663","20,532","20,411","18,711","20,252","20,083","18,427","18,016","18,680","22,478","21,587","22,662","23,289","21,853","20,640","16,955","17,556","20,962","19,857","19,711","22,064","23,505","24,767","25,804","23,301","19,710","17,309","16,877","18,843","15,377","14,885","16,011","16,941","18,743","18,955","19,649","17,793","14,393","13,392","13,173","13,793","14,825","13,960","14,124","15,139","17,285","17,576","19,315","19,148","15,832","14,622","13,807","14,862","15,949","14,582","14,571","15,487","16,846","18,306","19,578","17,724","16,969","16,063","15,484","15,807","17,556","16,223","16,017","17,217","17,697","22,672","23,806","19,783","16,346","16,619","18,433","19,986",,mtp03_20211027_182613.bmp
"302,75","20,672","18,368","17,687","19,228","19,836","22,788","22,758","21,389","19,731","18,791","20,281","22,320","18,990","16,814","17,076","18,244","20,258","23,909","22,663","21,711","20,594","20,463","19,021","20,945","20,453","18,668","18,296","18,872","22,535","21,659","22,860","23,467","21,742","20,996","17,339","17,953","21,173","20,073","19,979","22,536","23,794","25,317","26,062","23,080","19,744","17,439","17,163","19,166","15,715","15,225","16,139","17,026","18,777","19,147","19,829","18,003","14,657","13,535","13,286","13,954","15,032","14,237","14,319","15,412","17,372","17,368","19,571","18,961","16,029","14,845","14,010","15,062","16,191","14,793","14,712","15,657","17,000","18,974","19,862","18,126","17,134","16,345","15,728","16,124","17,814","16,391","16,196","17,362","17,823","23,214","24,489","20,212","16,742","17,058","19,311","20,364",,mtp03_20211027_185615.bmp
"332,75","20,596","18,518","17,973","19,348","19,823","22,968","22,974","21,725","19,902","19,290","20,224","22,048","19,453","17,066","17,579","18,471","20,700","24,509","22,802","22,059","20,880","20,955","19,644","20,741","20,933","19,184","18,816","19,129","23,020","21,967","23,148","23,973","22,105","21,361","18,038","18,533","21,255","20,219","20,182","22,957","24,104","25,935","26,518","23,561","20,094","17,598","17,442","19,617","16,004","15,504","16,158","16,974","19,065","19,077","19,791","18,202","15,173","13,878","13,509","14,358","15,304","14,561","14,715","16,024","17,525","17,551","19,473","19,449","16,791","15,016","14,239","15,182","16,560","14,900","14,925","15,874","17,398","19,256","20,514","18,203","17,458","17,087","16,253","16,280","17,841","16,482","16,241","17,486","17,836","23,574","25,141","20,616","17,735","17,643","19,740","21,185",,mtp03_20211027_192614.bmp
"362,75","21,088","18,382","17,632","19,211","19,736","22,921","22,969","21,819","20,155","19,331","20,634","22,862","19,902","17,545","17,765","18,640","20,747","24,755","22,989","22,096","21,045","20,957","19,587","21,515","21,326","19,406","18,994","19,183","23,072","22,262","23,364","24,240","22,009","21,608","17,827","18,539","21,587","20,382","20,346","23,265","24,379","26,238","26,800","23,455","19,968","17,556","17,589","19,628","16,116","15,486","16,388","17,171","18,367","18,989","19,858","18,429","14,967","13,897","13,612","14,329","15,304","14,444","14,542","15,570","17,710","17,236","19,342","19,437","16,319","15,100","14,304","15,334","16,509","14,937","14,960","15,842","17,356","18,940","20,474","18,465","17,187","16,557","16,056","16,325","17,866","16,471","16,273","17,523","17,771","24,081","25,553","20,824","17,160","17,528","19,878","21,534",,mtp03_20211027_195615.bmp
"392,75","20,968","18,621","17,910","19,406","19,678","22,948","23,022","21,755","20,048","19,611","20,226","22,029","20,333","17,905","18,272","19,001","21,139","25,558","23,411","22,680","21,490","21,377","20,235","21,183","21,812","19,568","19,489","19,561","23,561","22,600","23,586","24,630","22,506","21,990","18,433","19,230","21,784","20,626","20,495","23,705","24,540","26,821","27,241","23,903","20,133","17,941","17,899","20,162","16,291","15,667","16,402","17,107","18,800","19,176","19,927","18,577","15,528","14,295","13,990","14,809","15,631","14,881","14,952","16,069","17,588","17,608","19,395","19,618","16,999","15,278","14,521","15,612","17,064","15,095","15,094","16,305","17,487","18,822","20,351","18,371","17,512","17,316","16,507","16,484","18,129","16,620","16,240","17,468","18,207","24,460","26,073","20,872","18,046","18,116","20,240","21,596",,mtp03_20211027_202614.bmp
"422,75","21,510","18,750","17,818","19,465","19,884","22,815","23,134","21,813","20,459","19,750","21,215","23,277","20,649","18,328","18,668","19,345","21,207","25,569","23,543","22,957","21,711","22,083","20,512","22,473","22,099","19,900","19,587","19,734","23,706","22,878","23,715","25,020","22,413","22,111","18,544","19,314","22,207","20,711","20,670","23,867","24,909","27,327","27,597","23,734","20,201","18,186","18,516","20,417","16,505","15,808","16,615","17,714","19,594","19,342","19,552","18,988","15,419","14,239","13,979","14,665","15,588","14,738","14,902","15,954","17,998","17,918","19,745","19,712","16,554","15,333","14,604","15,665","16,844","15,171","15,173","16,102","17,695","19,410","20,623","18,746","17,618","16,891","16,240","16,487","18,019","16,537","16,321","17,569","17,976","24,656","26,351","21,230","17,713","17,795","20,403","21,901",,mtp03_20211027_205615.bmp
"452,75","21,939","18,959","17,934","19,532","20,166","23,003","23,191","21,805","20,633","19,984","21,391","23,549","20,894","18,551","18,861","19,474","21,309","26,476","23,836","23,117","22,008","22,374","21,099","23,043","22,649","20,516","20,100","20,073","24,039","23,205","24,152","25,846","22,767","22,340","19,086","19,822","22,559","21,185","21,061","24,492","25,470","27,679","28,010","23,914","20,396","18,600","18,925","20,939","16,591","15,925","16,783","17,795","19,990","19,485","19,948","19,186","15,533","14,427","14,185","14,850","15,810","14,959","15,034","16,309","18,204","17,719","20,128","20,211","16,727","15,499","14,725","15,867","17,064","15,302","15,294","16,217","17,933","19,604","20,881","18,961","17,803","17,245","16,380","16,594","18,138","16,659","16,390","17,713","18,561","25,399","27,324","21,375","17,970","18,051","20,633","21,874",,mtp03_20211027_212615.bmp
"482,75","21,402","18,941","18,232","19,622","19,784","23,000","23,047","22,000","20,401","19,768","20,749","22,299","20,975","18,467","18,943","19,563","21,620","26,310","24,122","23,578","22,511","22,826","21,578","23,069","23,080","20,776","20,727","20,377","24,036","23,626","24,534","26,234","23,322","22,778","19,617","20,491","22,752","21,346","21,294","24,987","25,876","28,067","28,364","24,542","20,780","18,842","19,134","21,389","16,550","15,836","16,653","17,526","18,970","18,978","19,884","19,253","15,984","14,668","14,370","15,255","16,122","15,359","15,434","16,640","18,065","17,642","20,054","20,769","17,401","15,628","14,821","15,939","17,409","15,393","15,319","16,597","17,868","19,570","20,438","18,753","17,880","17,752","16,803","16,790","18,417","16,755","16,403","17,799","18,679","25,620","27,714","21,363","18,585","18,664","20,494","21,778",,mtp03_20211027_215614.bmp
"512,75","21,569","18,815","18,154","19,445","19,736","22,870","23,029","21,960","20,365","19,843","20,710","22,444","20,956","18,438","18,880","19,543","21,570","26,425","24,369","23,845","22,595","23,015","21,777","23,261","23,664","21,102","21,044","20,726","24,530","24,074","24,723","26,456","23,621","22,951","19,986","20,744","22,913","21,741","21,605","25,001","26,337","28,455","28,861","24,806","20,865","19,011","19,298","21,617","16,454","15,754","16,392","17,151","18,841","19,161","19,878","18,995","15,963","14,899","14,584","15,490","16,144","15,348","15,363","16,481","18,158","17,858","20,285","20,433","17,250","15,780","15,063","16,177","17,269","15,441","15,359","16,540","17,922","19,915","20,363","18,897","17,711","17,632","16,780","16,889","18,286","16,820","16,367","17,703","18,279","25,533","27,895","21,599","18,362","18,642","20,602","21,874",,mtp03_20211027_222615.bmp
"542,75","22,415","19,118","18,189","19,565","20,260","23,002","23,144","21,985","20,762","20,071","21,139","23,567","21,345","18,911","19,196","19,621","21,358","26,455","25,033","24,010","22,949","23,405","22,188","24,234","24,044","21,690","21,470","21,099","24,632","24,363","24,997","26,693","24,010","23,267","20,134","21,155","23,705","22,208","21,873","25,378","26,834","28,942","29,203","25,196","21,250","19,525","20,060","22,209","16,597","15,907","16,815","17,546","18,770","19,210","19,734","19,343","15,992","14,935","14,665","15,529","16,275","15,326","15,397","16,591","18,529","18,176","20,193","20,510","17,075","15,857","15,060","16,313","17,465","15,490","15,510","16,509","18,216","20,156","20,894","18,625","17,874","17,513","16,613","16,766","18,272","16,831","16,460","17,763","18,471","25,746","28,339","21,928","17,952","18,212","20,850","21,995",,mtp03_20211027_225615.bmp
"572,75","22,157","19,406","18,735","19,872","20,133","23,151","23,491","22,393","20,796","20,296","20,910","22,593","21,644","18,949","19,346","19,559","21,809","26,534","25,166","24,566","23,582","23,809","22,699","24,048","24,273","21,906","22,048","21,651","25,276","24,919","25,291","26,953","24,474","23,757","20,930","21,876","23,960","22,429","22,287","26,011","27,174","29,167","29,497","25,524","21,787","20,009","20,364","22,795","16,674","16,037","16,719","17,316","18,865","19,707","19,977","19,610","16,774","15,283","15,001","15,833","16,711","15,817","15,760","16,959","18,501","18,310","20,747","20,693","17,807","16,011","15,178","16,292","17,913","15,630","15,585","16,867","18,297","20,559","20,925","18,807","18,180","18,117","17,277","17,291","18,723","16,919","16,451","17,842","18,829","25,738","28,759","21,981","18,910","19,039","20,802","21,943",,mtp03_20211027_232616.bmp
"602,75","22,433","19,603","18,725","19,898","20,239","23,103","23,657","22,338","20,991","20,119","21,422","23,328","21,816","19,247","19,580","19,752","21,947","26,616","25,117","24,561","23,516","23,377","22,614","24,535","24,286","22,196","22,048","21,957","25,176","25,390","25,712","27,276","24,755","23,988","21,080","22,077","24,467","23,011","22,661","26,380","27,569","29,530","29,852","25,989","22,059","20,140","20,649","23,176","16,561","15,990","16,797","17,338","19,042","19,513","20,159","19,688","16,529","15,274","14,989","15,769","16,583","15,670","15,654","17,059","18,658","18,204","20,399","20,834","17,337","16,048","15,219","16,344","17,649","15,648","15,595","16,599","18,393","20,359","20,985","18,802","18,075","17,894","16,797","16,957","18,357","16,860","16,463","17,805","18,898","25,670","28,792","22,176","18,335","18,490","20,682","22,243",,mtp03_20211027_235616.bmp
"632,75","22,517","19,707","18,977","19,989","20,131","23,176","23,861","22,305","21,043","20,182","20,793","22,818","21,976","19,267","19,657","19,571","21,917","27,377","25,276","24,845","23,699","23,470","22,801","24,118","24,552","22,223","22,185","22,183","25,466","25,692","26,251","27,753","25,049","24,467","21,793","22,638","25,046","23,256","23,230","26,946","28,036","30,264","30,410","26,476","22,468","20,695","21,454","23,827","16,619","15,968","16,778","17,156","18,866","19,412","20,543","19,624","16,737","15,476","15,156","16,043","16,850","15,930","15,945","17,102","18,704","18,303","20,786","20,948","17,712","16,155","15,411","16,555","17,842","15,765","15,703","16,980","18,402","20,015","20,884","19,044","18,189","18,045","17,385","17,271","18,856","17,091","16,497","17,877","19,021","26,218","29,055","22,128","18,682","18,944","20,921","22,166",,mtp03_20211028_002614.bmp
"662,75","22,932","20,097","19,214","20,172","20,449","23,526","24,125","22,604","21,469","20,447","21,582","23,334","22,335","19,706","20,044","20,053","21,880","27,370","25,416","24,851","23,652","23,964","22,893","25,190","24,767","22,600","22,253","22,353","25,685","26,122","26,659","28,341","25,677","24,807","22,297","23,442","25,679","23,780","23,781","27,384","28,543","30,514","30,888","26,900","23,187","21,072","21,689","24,395","16,630","16,129","16,947","17,401","19,185","19,432","20,288","19,692","16,973","15,375","15,225","15,999","16,957","16,019","15,941","17,335","18,647","18,278","21,408","21,052","17,382","16,241","15,494","16,674","17,734","15,813","15,717","16,768","18,711","20,244","20,936","18,876","18,177","18,053","16,997","17,190","18,602","16,946","16,505","17,896","18,871","25,684","28,876","22,313","18,540","18,655","20,890","22,180",,mtp03_20211028_005614.bmp
"692,75","23,861","20,230","19,371","20,431","21,161","23,739","24,428","22,868","21,861","21,008","21,951","24,257","22,658","20,118","20,270","20,339","22,093","27,477","25,848","24,982","23,765","23,639","23,080","25,090","25,174","22,846","22,476","22,516","25,954","26,132","27,096","28,845","26,108","25,344","22,759","23,658","26,248","24,363","24,499","28,083","29,230","31,051","31,378","27,756","23,616","21,677","22,462","24,956","16,769","16,109","16,910","17,584","19,209","19,545","20,263","19,652","16,808","15,526","15,241","16,114","17,010","16,052","16,155","17,223","19,371","18,807","21,016","20,885","17,695","16,337","15,567","16,839","17,963","15,822","15,770","16,857","18,526","20,429","21,124","19,715","18,144","17,748","17,110","17,159","18,587","16,996","16,538","17,853","19,041","26,463","28,950","22,430","18,390","18,471","20,913","22,121",,mtp03_20211028_012615.bmp
"722,75","23,925","20,706","19,704","20,720","20,925","23,700","24,875","23,237","22,104","21,065","22,321","24,465","23,171","20,513","20,602","20,677","22,220","27,829","26,238","25,097","24,114","24,528","23,351","25,573","25,446","23,057","22,734","22,707","26,037","26,417","27,342","29,014","26,355","25,461","23,024","23,982","26,242","24,456","24,825","28,807","29,961","31,550","31,962","28,449","24,460","22,204","23,304","25,715","16,892","16,264","17,042","17,775","19,343","19,425","20,584","19,847","16,983","15,518","15,294","16,036","17,164","16,207","16,194","17,542","19,281","19,071","20,904","21,238","17,936","16,470","15,801","16,929","17,990","15,952","15,879","16,974","18,910","20,475","21,146","19,826","18,454","18,225","17,513","17,556","18,665","17,117","16,659","18,017","18,994","25,840","28,982","22,493","18,829","19,142","20,979","22,332",,mtp03_20211028_015615.bmp
"752,75","23,726","20,719","19,922","20,807","20,826","24,181","24,888","23,375","22,179","21,033","22,045","23,946","23,392","20,458","20,816","20,778","22,449","27,861","26,043","25,483","24,350","24,603","23,380","25,436","25,792","23,264","23,076","22,845","26,283","26,570","27,760","29,188","26,791","25,413","22,964","24,101","26,147","24,791","25,124","29,418","30,524","32,044","32,444","28,916","25,095","22,670","23,826","26,386","16,686","16,207","16,864","17,569","19,395","19,695","20,754","20,074","16,974","15,573","15,330","16,080","17,228","16,299","16,369","17,521","19,177","19,147","20,950","21,098","18,011","16,511","15,862","17,009","18,020","15,964","15,880","16,987","18,891","20,727","21,535","19,554","18,427","18,158","17,508","17,577","18,829","17,102","16,593","17,982","18,951","25,882","28,934","22,748","18,742","19,212","21,171","22,433",,mtp03_20211028_022615.bmp
"782,75","24,274","20,945","19,972","20,814","21,193","24,502","25,251","23,627","22,484","21,257","22,628","24,574","23,899","20,950","21,171","21,072","22,756","28,102","26,884","25,843","24,701","24,962","23,779","25,984","26,277","23,692","23,478","23,119","26,496","26,977","28,397","29,068","27,016","25,645","22,992","24,222","26,551","25,109","25,315","29,884","30,910","32,305","33,136","29,908","25,954","23,309","24,447","26,992","16,904","16,271","16,989","17,729","19,509","19,349","20,754","20,212","16,709","15,639","15,417","16,121","17,174","16,392","16,376","17,593","19,524","18,864","21,278","21,267","17,945","16,619","15,920","17,241","18,066","16,006","15,958","16,950","18,845","20,982","21,804","19,834","18,480","18,292","17,208","17,487","18,751","17,114","16,645","18,011","19,198","25,672","29,054","22,822","18,699","19,140","21,196","22,684",,mtp03_20211028_025615.bmp
"812,75","24,527","20,968","20,053","20,875","21,360","24,353","25,263","23,594","22,695","21,454","22,791","25,112","24,107","21,235","21,415","21,133","22,615","28,196","27,121","26,026","24,631","24,941","23,915","26,371","26,586","23,942","23,686","23,150","26,910","27,030","28,828","29,219","27,045","25,557","23,146","24,428","26,857","25,169","25,354","30,372","31,230","32,573","33,569","30,403","26,217","23,345","24,747","27,102","16,641","16,069","16,763","17,537","19,112","19,492","20,214","19,888","16,925","15,627","15,445","16,163","17,075","16,227","16,323","17,417","19,424","19,301","21,298","21,289","17,849","16,813","16,084","17,305","18,071","16,057","15,980","17,048","18,551","20,814","22,165","19,429","18,380","18,014","17,399","17,589","18,559","17,077","16,628","18,032","18,958","25,217","29,090","22,243","18,204","18,570","21,080","22,382",,mtp03_20211028_032616.bmp
"842,75","24,912","21,386","20,475","21,275","21,505","24,724","25,984","24,103","23,053","21,671","23,007","25,136","24,768","21,665","21,893","21,521","22,959","28,563","27,536","26,444","25,214","25,411","24,351","26,657","27,252","24,544","24,287","23,681","27,292","27,475","29,392","29,634","27,395","25,851","23,197","24,608","27,352","25,637","25,922","30,647","31,653","32,780","33,818","30,925","26,568","23,777","25,175","27,596","16,975","16,379","17,058","17,809","19,389","19,578","20,722","20,401","17,184","15,754","15,505","16,229","17,294","16,474","16,551","17,653","19,649","19,480","21,319","21,378","18,386","16,850","16,169","17,428","18,298","16,129","16,106","17,128","18,755","21,321","22,016","19,710","18,666","18,411","17,884","17,776","19,023","17,319","16,750","18,119","19,398","25,309","29,077","22,444","18,950","19,425","21,564","22,896",,mtp03_20211028_035616.bmp
"872,75","25,050","21,406","20,380","21,313","21,578","24,730","26,000","24,000","23,261","21,944","22,806","25,504","24,966","22,017","22,171","21,563","23,005","28,838","27,795","26,777","25,240","25,446","24,339","26,949","27,532","24,762","24,390","23,571","27,446","27,598","29,417","29,830","27,399","25,698","23,230","24,603","27,655","25,553","26,011","30,954","31,879","32,855","34,015","30,953","26,507","23,508","25,140","27,498","16,782","16,133","16,819","17,657","19,037","19,898","20,717","19,903","16,901","15,671","15,462","16,138","17,054","16,198","16,329","17,536","19,356","19,325","20,860","21,459","17,997","16,941","16,199","17,469","18,242","16,100","16,017","17,123","18,849","21,349","21,919","19,239","18,297","18,296","17,511","17,672","18,573","17,132","16,647","17,992","19,159","25,817","29,065","22,318","18,610","18,960","21,203","22,515",,mtp03_20211028_042616.bmp
"902,75","24,684","21,538","21,047","21,541","21,517","24,870","26,538","24,460","23,308","22,046","22,659","24,647","25,680","22,247","22,592","21,848","23,486","29,115","28,337","27,314","26,089","25,901","25,123","27,058","28,206","25,247","25,198","24,169","27,730","28,136","29,664","30,403","27,973","25,999","23,798","25,251","28,033","26,186","26,513","31,609","32,190","32,973","34,130","31,393","27,129","24,009","25,309","28,208","16,999","16,381","16,975","17,400","19,255","19,446","20,877","20,134","17,384","15,873","15,617","16,404","17,499","16,690","16,712","17,853","19,578","19,286","21,378","21,470","18,622","17,007","16,278","17,487","18,818","16,227","16,214","17,537","18,973","20,963","22,144","20,011","18,957","18,884","18,159","18,038","19,542","17,571","16,660","18,192","19,404","25,927","29,240","22,801","19,271","19,638","21,490","22,854",,mtp03_20211028_045615.bmp
"932,75","25,615","21,896","20,827","21,706","21,986","25,068","26,790","24,558","23,832","22,354","23,410","26,090","26,065","22,932","23,010","22,182","23,831","29,348","29,297","27,722","26,204","26,231","25,156","27,753","29,152","26,000","25,561","24,334","28,166","28,444","30,197","30,974","28,267","26,235","23,701","25,168","28,875","26,490","26,673","31,882","32,478","33,247","34,541","31,871","27,214","24,194","25,717","28,147","16,985","16,304","17,128","17,760","19,193","19,542","21,440","20,325","17,155","15,791","15,521","16,217","17,148","16,324","16,471","17,786","19,586","19,429","21,422","21,832","18,051","17,149","16,499","17,786","18,458","16,247","16,241","17,371","19,160","20,809","21,983","19,618","18,839","18,652","17,826","17,913","18,730","17,307","16,719","18,098","19,159","25,498","29,578","22,653","18,971","19,465","21,541","22,675",,mtp03_20211028_052616.bmp
"962,75","25,623","22,045","21,259","22,031","21,994","25,214","27,229","24,974","23,976","22,434","23,633","25,727","26,485","23,099","23,395","22,435","24,043","30,844","29,785","28,278","26,724","26,677","25,701","28,076","29,699","26,422","26,302","24,880","28,799","28,956","30,616","31,796","28,737","26,415","23,992","25,656","29,246","26,992","27,373","32,406","32,660","33,344","34,711","32,373","27,630","24,252","26,025","28,362","16,937","16,351","17,050","17,769","19,277","19,764","21,036","20,409","17,350","15,869","15,562","16,332","17,303","16,524","16,642","17,878","19,600","19,277","21,640","21,715","18,530","17,167","16,535","17,736","18,786","16,348","16,342","17,562","19,066","20,939","22,289","19,580","19,026","18,737","18,045","17,998","19,210","17,432","16,750","18,215","19,495","26,679","29,449","22,706","19,120","19,569","21,577","22,696",,mtp03_20211028_055616.bmp
"992,75","25,510","21,870","21,181","21,803","21,858","25,225","27,362","25,224","23,937","22,418","23,354","25,151","26,762","23,171","23,428","22,450","24,064","31,350","30,462","28,666","27,002","26,730","25,868","27,842","30,458","26,723","26,565","25,230","29,446","29,678","30,978","32,349","29,182","26,509","24,265","25,758","29,685","27,428","27,996","32,869","33,077","33,614","35,068","32,811","27,879","24,560","26,139","28,490","16,793","16,095","16,757","17,225","19,238","19,225","20,895","19,914","17,082","15,912","15,637","16,546","17,312","16,557","16,579","17,652","19,259","19,230","21,068","21,439","18,755","17,353","16,594","17,928","18,800","16,318","16,296","17,615","18,824","20,630","21,901","19,204","18,744","18,678","18,092","17,980","19,472","17,515","16,669","17,999","19,304","27,418","29,692","22,376","19,061","19,471","21,458","22,489",,mtp03_20211028_062615.bmp
"1022,75","25,892","22,123","21,538","21,979","22,473","25,514","28,085","25,648","24,476","22,865","23,760","25,857","27,240","23,903","24,011","22,809","24,540","31,920","31,623","29,357","27,582","27,090","26,310","28,720","31,287","27,679","27,325","25,702","30,003","30,273","31,823","33,691","29,870","26,921","24,706","26,270","30,635","28,134","28,668","33,241","33,393","33,834","35,386","33,791","28,347","24,821","26,461","28,834","16,923","16,239","16,948","17,356","19,528","19,390","20,964","20,197","17,303","15,980","15,642","16,616","17,457","16,573","16,650","17,844","19,379","19,399","21,238","21,806","18,813","17,373","16,675","18,010","18,907","16,372","16,308","17,746","19,091","21,460","21,949","19,787","18,852","18,862","18,175","17,984","19,316","17,443","16,703","18,074","19,394","27,647","29,568","22,560","19,160","19,456","21,438","22,977",,mtp03_20211028_065615.bmp
"1052,75","25,928","22,262","21,663","22,089","22,280","25,775","28,423","25,962","24,535","22,856","23,967","25,995","27,705","24,176","24,355","22,952","24,857","32,380","32,626","30,280","27,987","27,520","26,615","28,841","32,329","28,282","27,865","26,010","30,411","30,680","32,471","34,046","30,113","26,950","24,777","26,473","31,305","28,691","29,240","33,391","33,737","34,082","35,747","34,414","28,655","24,889","26,744","29,105","16,860","16,144","16,983","17,309","19,166","19,632","20,735","20,053","17,288","15,971","15,684","16,557","17,327","16,504","16,633","17,782","19,219","19,201","21,592","22,098","18,731","17,469","16,802","18,086","18,854","16,400","16,321","17,682","18,978","21,622","21,819","19,482","18,885","18,952","18,133","18,135","18,960","17,428","16,647","18,070","19,308","27,462","29,536","22,643","19,088","19,487","21,466","22,948",,mtp03_20211028_072616.bmp
"1082,75","26,265","22,435","21,663","22,219","22,870","26,045","28,516","26,135","25,129","23,334","23,978","26,702","28,303","24,656","24,969","23,289","25,128","32,912","33,796","31,238","28,379","27,778","26,941","29,518","33,443","29,109","28,505","26,390","30,975","31,439","33,435","34,648","30,754","27,343","25,162","26,750","32,215","29,326","29,824","34,031","34,054","34,236","36,080","35,036","29,182","25,401","26,902","29,295","16,871","16,234","16,894","17,436","18,863","19,655","20,485","19,928","17,208","15,997","15,692","16,519","17,394","16,621","16,630","17,776","19,358","19,075","21,829","22,015","18,781","17,640","16,940","18,285","19,224","16,515","16,464","17,882","19,399","21,518","22,029","19,617","18,858","18,680","17,958","18,244","19,166","17,577","16,767","18,118","19,230","27,518","29,527","22,493","18,824","19,289","21,588","22,885",,mtp03_20211028_075616.bmp
"1112,75","26,476","22,772","21,818","22,378","22,665","26,471","29,225","26,607","25,523","23,396","24,295","26,897","29,154","25,251","25,445","23,510","25,328","33,176","34,777","32,330","29,039","27,957","27,369","30,160","34,650","29,909","29,294","26,706","31,405","32,337","34,337","35,205","31,487","27,825","25,089","26,923","33,477","30,226","30,678","34,435","34,337","34,331","36,286","35,679","29,812","25,518","26,888","29,588","16,793","16,175","17,011","17,929","19,005","19,482","20,769","20,269","17,155","15,784","15,538","16,273","17,166","16,349","16,424","17,803","19,352","19,233","21,574","22,211","18,358","17,671","16,989","18,224","18,830","16,488","16,370","17,566","19,269","21,599","22,109","19,631","18,956","18,646","17,771","18,170","18,800","17,264","16,709","18,068","19,461","27,411","29,541","22,610","18,876","19,283","21,375","22,901",,mtp03_20211028_082617.bmp
"1142,75","26,665","22,775","22,312","22,470","22,620","26,502","30,190","27,319","25,637","23,427","24,572","26,561","30,064","25,722","25,906","23,814","25,891","33,673","35,733","33,808","30,013","29,022","28,128","30,591","36,213","31,016","30,394","27,646","32,159","33,152","35,203","36,102","32,734","28,382","25,807","27,627","34,394","31,243","31,944","34,969","34,704","34,747","36,824","36,567","30,626","25,912","27,475","30,308","17,021","16,479","17,054","17,751","19,401","19,825","20,775","20,303","17,482","16,021","15,678","16,619","17,566","16,733","16,833","18,051","19,405","19,108","22,082","22,203","19,177","17,766","17,112","18,297","19,258","16,630","16,571","18,025","19,412","21,288","22,647","20,322","19,245","19,334","18,500","18,633","19,632","17,653","16,779","18,243","19,538","27,529","29,690","22,606","19,378","19,799","21,787","23,210",,mtp03_20211028_085617.bmp
1174,"26,770","22,765","22,346","22,435","22,610","26,508","31,129","27,527","26,018","23,380","24,538","26,505","30,749","26,167","26,323","24,282","26,280","33,890","36,637","35,301","30,875","29,481","28,490","31,028","38,002","32,091","31,400","28,230","33,050","33,963","36,032","36,862","33,871","28,810","26,093","27,959","36,038","32,547","33,234","35,512","35,156","35,090","37,354","37,506","31,407","26,422","27,711","30,802","16,986","16,301","16,957","17,564","19,445","19,626","21,216","20,108","17,316","15,936","15,664","16,509","17,510","16,759","16,773","17,962","19,342","19,064","22,169","22,260","19,219","17,786","17,057","18,214","19,198","16,618","16,543","18,067","19,343","21,399","22,590","20,619","19,184","19,267","18,519","18,519","19,629","17,599","16,685","18,191","19,455","27,545","29,813","22,553","19,333","19,802","21,645","23,210",,mtp03_20211028_092732.bmp
1204,"27,038","22,850","22,221","22,505","23,118","26,629","31,810","27,738","26,213","23,918","24,560","27,333","31,501","26,621","26,702","24,615","26,551","34,204","37,355","36,553","31,952","29,870","29,000","31,608","40,022","33,193","32,596","28,927","33,804","34,813","36,916","37,582","35,065","29,298","26,682","28,434","38,019","33,997","34,697","36,102","35,651","35,384","37,945","38,363","31,937","26,930","28,487","31,208","16,757","16,091","16,838","17,626","19,498","19,384","21,153","20,018","17,140","15,887","15,623","16,529","17,177","16,494","16,518","17,630","19,270","19,010","21,770","22,091","18,938","17,725","17,030","18,193","19,128","16,610","16,523","17,785","19,386","21,468","22,967","20,230","18,890","18,858","18,173","18,391","18,870","17,245","16,658","18,036","19,427","27,426","29,826","22,399","18,763","19,237","21,587","22,937",,mtp03_20211028_095732.bmp
1235,"27,297","23,204","22,841","22,880","23,032","27,109","32,928","28,705","27,034","24,023","25,355","27,634","32,676","27,638","27,720","25,436","27,729","34,638","38,140","37,873","34,145","31,273","30,128","32,867","41,525","35,242","34,414","30,140","35,287","35,538","37,855","38,445","37,069","30,197","27,496","29,670","40,314","35,969","36,707","36,784","36,156","35,801","38,582","39,453","33,374","27,805","29,189","32,524","17,022","16,464","17,199","17,891","19,705","19,708","21,398","20,603","17,713","16,095","15,775","16,704","17,640","16,852","16,927","18,315","19,591","19,246","22,425","22,319","19,678","18,044","17,210","18,533","19,419","16,815","16,848","18,324","19,853","21,456","23,078","20,726","19,556","19,707","19,017","19,311","19,879","17,794","16,948","18,415","19,906","28,363","30,293","23,117","19,636","20,353","22,008","23,553",,mtp03_20211028_102836.bmp
1265,"27,399","23,270","22,797","22,824","23,218","27,143","33,700","29,056","27,140","24,390","25,470","28,316","33,618","27,984","28,146","25,516","28,346","35,065","38,775","38,747","35,357","31,702","30,632","33,489","43,154","36,676","35,646","30,830","36,201","36,330","38,571","39,122","38,276","30,669","27,942","29,969","42,424","37,849","38,016","37,440","36,689","36,195","39,210","40,335","34,630","28,651","30,225","33,032","16,769","16,172","16,908","17,637","19,394","19,479","21,358","20,047","17,517","16,051","15,714","16,584","17,346","16,540","16,699","17,940","19,466","19,212","22,201","22,420","19,310","17,891","17,175","18,462","19,241","16,713","16,735","18,141","19,418","21,635","23,200","20,413","19,087","19,348","18,589","18,697","19,259","17,540","16,807","18,120","19,438","28,383","30,321","23,120","19,277","19,770","21,800","23,310",,mtp03_20211028_105836.bmp
1295,"27,831","23,695","22,851","23,109","23,645","27,490","34,595","29,632","27,471","25,047","25,953","28,803","34,768","28,806","28,916","26,059","29,112","35,353","39,427","39,471","37,396","32,401","31,448","34,518","44,548","37,917","37,317","32,165","37,180","36,988","39,320","39,743","39,299","31,516","28,517","30,865","44,327","39,777","39,449","38,055","37,259","36,674","39,899","41,194","35,836","29,310","30,738","33,878","16,872","16,233","17,276","17,763","19,775","20,078","21,269","20,346","17,436","15,968","15,627","16,379","17,164","16,406","16,578","18,043","19,656","19,491","22,110","22,432","19,246","17,968","17,144","18,450","19,235","16,877","16,786","17,945","19,633","21,507","23,192","20,645","19,422","19,260","18,545","18,786","19,107","17,407","16,880","18,250","19,847","28,389","30,480","23,498","19,302","19,776","21,975","23,372",,mtp03_20211028_112836.bmp
1325,"28,014","23,698","23,060","22,927","23,158","27,366","35,210","29,815","27,562","24,206","25,637","28,196","35,835","29,338","29,369","26,267","29,412","35,540","39,797","39,840","38,476","32,866","31,646","34,616","45,793","39,057","38,816","33,353","37,893","37,648","39,781","40,190","39,877","32,381","28,753","30,945","45,984","41,443","40,665","38,737","37,900","37,060","40,403","42,066","37,348","29,965","31,399","34,591","16,928","16,309","17,097","17,768","19,191","19,332","21,043","20,102","17,514","15,928","15,583","16,362","17,386","16,625","16,766","18,021","19,314","19,026","22,465","22,283","19,245","17,806","17,042","18,275","19,414","16,840","16,886","18,321","19,773","21,730","23,082","20,509","19,283","19,256","18,550","18,693","19,867","17,607","16,874","18,286","19,538","28,070","30,251","23,379","19,086","19,799","21,846","23,269",,mtp03_20211028_115836.bmp
1355,"28,299","23,921","23,329","23,179","23,545","27,789","35,878","30,471","27,936","24,703","25,982","28,627","36,960","30,060","29,983","26,869","30,364","35,903","40,388","40,445","39,536","33,977","32,759","35,511","47,062","40,534","40,251","34,900","38,654","38,251","40,424","40,889","40,701","33,570","29,577","31,694","47,497","42,897","41,850","39,338","38,496","37,569","41,098","42,909","39,189","30,915","32,329","35,551","17,040","16,447","17,050","17,763","19,269","19,677","20,795","20,181","17,672","16,001","15,628","16,428","17,508","16,739","16,777","18,098","19,566","19,174","22,206","22,381","19,363","17,781","17,056","18,286","19,536","16,989","16,961","18,433","19,735","21,863","23,232","20,738","19,380","19,455","18,714","18,893","19,934","17,698","16,897","18,313","19,694","28,259","30,298","23,431","19,252","19,851","21,993","23,224",,mtp03_20211028_122836.bmp
1385,"28,359","24,111","23,469","23,333","24,059","28,350","36,705","31,387","28,442","25,801","26,551","29,332","38,064","30,878","30,827","27,542","31,681","36,335","41,307","41,467","40,726","35,271","33,877","36,785","48,356","42,030","41,663","36,590","39,560","39,042","41,426","41,887","41,661","35,012","30,764","33,179","48,814","44,174","42,913","40,205","39,241","38,241","42,193","43,944","41,134","32,015","33,545","36,812","16,806","16,219","16,980","17,963","19,394","19,627","21,587","20,295","17,483","16,003","15,720","16,523","17,351","16,567","16,681","17,862","19,566","19,354","22,257","22,342","19,397","17,960","17,230","18,501","19,477","16,897","16,911","18,256","19,797","21,933","23,162","20,356","19,189","19,400","18,696","18,936","19,370","17,607","16,887","18,257","19,521","28,331","30,696","23,819","19,341","19,921","22,087","23,202",,mtp03_20211028_125836.bmp
"1416,5","28,851","24,273","23,795","23,310","23,669","28,656","37,222","32,324","28,654","25,359","26,389","29,120","39,244","31,718","31,486","28,146","32,521","36,781","41,936","42,027","41,463","36,259","34,503","37,210","49,727","43,509","42,993","38,353","40,303","39,699","42,134","42,447","42,345","36,631","31,187","33,463","50,308","45,340","44,091","41,063","39,952","38,848","42,947","44,955","42,755","32,918","34,254","37,637","16,961","16,432","16,963","17,542","19,164","19,346","21,004","20,126","17,427","16,003","15,627","16,505","17,459","16,624","16,715","17,930","19,249","19,050","21,785","22,338","19,442","17,780","17,075","18,308","19,437","16,981","16,969","18,392","19,578","21,943","23,272","20,540","19,378","19,519","18,735","18,834","19,828","17,660","16,803","18,213","19,577","28,088","30,771","23,075","19,202","19,876","21,956","22,914",,mtp03_20211028_133009.bmp
"1446,5","29,114","24,479","23,898","23,401","23,749","28,861","37,595","32,992","28,978","25,478","26,568","29,385","40,182","32,527","32,173","28,870","33,428","37,057","42,582","42,714","42,145","37,456","35,496","38,267","51,019","44,755","44,216","39,476","40,979","40,301","42,830","43,247","43,016","38,179","31,961","34,541","51,780","46,513","45,189","41,838","40,626","39,486","43,937","45,978","44,144","33,866","35,250","38,838","16,920","16,364","16,893","17,432","19,125","19,006","20,926","20,221","17,499","15,919","15,619","16,390","17,375","16,626","16,705","17,936","19,251","19,090","22,032","21,987","19,408","17,779","17,078","18,359","19,486","17,007","16,994","18,510","19,804","22,025","23,193","20,273","19,286","19,529","18,826","18,807","19,797","17,655","16,837","18,251","19,475","27,983","30,750","22,993","19,246","19,705","21,804","22,948",,mtp03_20211028_140009.bmp
"1476,5","29,406","24,641","24,184","23,523","23,749","29,095","38,102","33,758","29,362","25,662","26,766","29,590","41,256","33,452","33,030","29,701","34,810","37,674","43,499","43,647","43,210","39,054","36,689","39,543","52,498","46,180","45,508","40,698","41,898","41,225","43,950","44,285","44,106","39,727","33,213","35,807","53,349","47,936","46,556","42,748","41,602","40,337","45,114","47,239","45,596","35,104","36,361","40,190","16,965","16,369","16,891","17,547","19,278","18,811","20,986","19,989","17,599","16,033","15,639","16,499","17,538","16,677","16,766","17,941","19,381","19,039","22,215","22,214","19,492","17,777","17,021","18,196","19,703","17,077","17,071","18,581","19,933","22,120","23,181","20,326","19,426","19,719","19,061","19,049","19,830","17,795","16,836","18,288","19,722","28,111","30,980","22,965","19,396","20,077","21,974","23,084",,mtp03_20211028_143008.bmp
"1506,5","29,782","24,948","24,518","23,876","24,163","29,467","38,385","34,465","29,914","26,395","27,420","30,022","42,133","34,341","33,975","30,525","35,642","37,952","44,198","44,378","43,917","40,450","37,709","40,582","53,916","47,544","46,753","41,659","42,604","41,847","44,704","44,965","44,886","40,713","34,265","37,037","54,990","49,341","47,803","43,543","42,267","40,964","46,149","48,240","46,837","36,176","37,695","41,668","17,091","16,470","17,088","17,643","19,134","19,313","20,809","20,379","17,707","15,948","15,650","16,389","17,653","16,711","16,798","18,127","19,455","19,098","22,080","22,123","19,386","17,755","17,031","18,146","19,864","17,072","17,036","18,675","20,058","22,369","23,094","20,320","19,589","19,757","19,007","19,046","20,072","17,767","16,790","18,363","19,920","28,109","30,911","23,066","19,533","20,024","21,997","23,235",,mtp03_20211028_150008.bmp
"1536,5","30,136","25,114","24,546","23,844","24,404","29,844","38,726","35,309","30,561","26,813","27,699","30,616","43,136","35,206","34,906","31,262","36,457","38,267","44,957","45,117","44,808","41,735","38,936","41,529","55,336","48,897","48,152","42,716","43,333","42,585","45,716","45,988","45,832","41,626","35,208","38,041","56,863","50,872","49,257","44,545","43,247","41,781","47,477","49,562","48,166","37,481","39,086","42,958","17,046","16,494","17,091","17,554","19,250","19,385","20,951","20,170","17,379","15,943","15,566","16,446","17,541","16,698","16,751","18,032","19,453","19,180","22,092","22,502","19,400","17,823","17,061","18,247","19,835","17,137","17,097","18,729","20,011","22,165","23,342","20,668","19,757","19,706","19,071","19,235","20,027","17,738","16,780","18,326","19,856","28,492","30,791","23,024","19,374","20,076","22,044","23,224",,mtp03_20211028_153010.bmp
"1566,5","30,216","25,378","24,671","23,968","24,685","30,330","39,152","35,936","30,670","26,968","28,009","30,904","44,139","36,075","35,785","31,912","37,092","38,684","45,826","45,995","45,791","42,895","40,189","42,725","57,001","50,350","49,551","43,754","44,239","43,380","46,769","47,000","46,850","42,666","36,381","39,187","58,796","52,513","50,767","45,536","44,200","42,604","48,795","50,880","49,671","38,830","40,475","44,455","16,868","16,255","16,870","17,535","19,095","19,087","21,352","19,881","17,323","15,967","15,647","16,503","17,344","16,600","16,641","17,719","19,329","18,946","22,159","22,076","18,962","17,739","17,126","18,295","19,706","17,113","17,052","18,567","19,964","22,096","23,156","20,417","19,564","19,486","18,876","19,084","19,587","17,655","16,818","18,264","19,678","28,527","30,817","22,996","19,064","19,819","21,896","22,888",,mtp03_20211028_160010.bmp
"1596,5","30,555","25,486","24,847","23,984","24,620","30,730","39,510","36,672","31,325","27,128","28,062","31,136","45,120","37,004","36,545","32,743","37,748","39,134","46,700","46,885","46,644","43,967","41,471","44,032","58,483","51,810","51,007","44,710","45,101","44,154","47,903","48,104","47,916","43,471","37,636","40,393","60,606","54,158","52,306","46,530","45,187","43,462","50,132","52,323","51,162","40,241","41,941","46,005","16,827","16,183","16,866","17,415","18,772","18,970","20,673","19,824","17,244","15,947","15,585","16,455","17,422","16,537","16,668","17,738","19,292","18,925","22,129","21,974","19,349","17,778","17,004","18,130","19,754","17,129","17,117","18,635","20,098","22,125","23,056","20,377","19,564","19,519","18,961","19,117","19,866","17,769","16,789","18,311","19,657","28,508","30,841","22,906","19,327","19,793","22,031","22,961",,mtp03_20211028_163009.bmp
"1626,5","31,240","26,158","25,149","24,364","25,109","31,150","39,826","37,416","31,959","27,530","28,791","32,123","46,151","38,104","37,579","33,696","38,419","39,460","47,610","47,783","47,695","45,125","42,901","45,501","60,230","53,410","52,500","45,721","46,093","45,096","49,075","49,175","49,115","44,385","38,994","41,869","62,732","55,936","53,991","47,725","46,351","44,524","51,740","53,902","52,813","41,941","43,513","47,885","17,054","16,448","17,183","17,876","19,151","19,205","21,412","20,256","17,144","15,839","15,436","16,277","17,352","16,573","16,607","17,835","19,391","19,318","22,056","22,192","19,156","17,718","16,900","18,133","19,667","17,150","17,129","18,574","20,208","22,339","23,135","20,443","19,826","19,525","18,742","19,005","19,779","17,513","16,850","18,328","19,945","28,495","30,814","23,178","19,256","19,826","22,238","23,301",,mtp03_20211028_170009.bmp
"1656,5","31,588","26,449","25,340","24,594","25,219","31,465","40,144","38,011","32,495","27,818","29,185","32,519","47,020","39,127","38,550","34,616","39,070","39,967","48,685","48,862","48,795","46,118","44,150","46,766","61,929","55,041","54,053","46,935","47,122","46,064","50,399","50,508","50,403","45,449","40,394","43,149","64,945","57,770","55,876","48,960","47,501","45,627","53,337","55,544","54,623","43,605","45,196","49,730","17,069","16,378","17,167","17,761","19,158","19,104","21,218","20,086","17,299","15,893","15,533","16,266","17,168","16,455","16,540","17,878","19,497","19,154","22,284","22,656","18,716","17,721","16,993","18,131","19,741","17,212","17,180","18,629","20,268","22,560","22,974","20,643","19,846","19,645","18,983","19,112","19,504","17,562","16,906","18,354","19,859","28,344","30,818","23,017","19,294","19,821","22,085","23,115",,mtp03_20211028_173010.bmp
"1686,5","31,807","26,289","25,604","24,603","25,011","32,369","40,814","38,701","33,160","28,671","29,964","33,449","48,041","40,243","39,729","35,984","39,841","40,414","49,812","49,981","50,055","47,320","45,547","48,430","63,605","56,604","55,594","48,211","48,170","47,009","51,785","51,804","51,850","46,468","42,024","45,173","67,127","59,701","57,749","50,367","48,752","46,825","55,137","57,400","56,337","45,448","47,055","51,971","16,990","16,340","17,107","17,765","19,536","19,272","20,952","20,299","17,462","15,995","15,652","16,518","17,411","16,620","16,715","18,110","19,474","19,198","22,178","22,442","19,398","17,836","17,117","18,242","19,695","17,257","17,244","18,712","20,106","22,502","23,150","20,447","19,930","19,914","19,380","19,377","19,771","17,760","16,952","18,385","19,806","28,665","30,915","23,058","19,412","20,165","22,281","23,342",,mtp03_20211028_180010.bmp
"1716,5","32,238","26,873","25,817","24,800","25,754","32,798","41,313","39,307","33,823","29,063","30,496","34,022","48,918","41,185","40,703","37,010","40,578","40,905","50,985","51,164","51,257","48,487","46,941","49,992","65,359","58,261","57,252","49,474","49,308","48,149","53,292","53,294","53,316","47,604","43,506","46,662","69,390","61,615","59,703","51,817","50,197","48,092","56,990","59,247","58,424","47,405","48,997","54,163","17,248","16,494","17,267","18,375","19,691","19,318","21,567","20,512","17,603","15,968","15,559","16,356","17,294","16,479","16,684","18,200","19,631","19,492","22,150","22,773","19,488","17,850","17,052","18,258","19,838","17,219","17,224","18,877","20,543","22,630","23,319","20,935","20,217","19,930","19,426","19,392","19,978","17,616","17,004","18,513","20,241","28,759","31,062","23,637","19,647","20,326","22,372","23,726",,mtp03_20211028_183009.bmp
"1746,5","32,513","27,192","26,160","25,156","25,987","33,271","41,581","39,730","34,579","29,324","30,796","34,364","49,662","42,141","41,619","37,877","41,055","41,246","52,021","52,116","52,331","49,476","48,079","51,400","67,104","59,870","58,848","50,592","50,349","49,176","54,686","54,639","54,636","48,687","45,021","48,010","71,672","63,745","61,625","53,164","51,492","49,359","58,963","61,132","60,253","49,177","50,955","56,332","17,106","16,214","17,141","18,107","19,758","19,509","21,135","20,332","17,396","15,824","15,491","16,328","17,250","16,552","16,655","17,993","19,366","19,262","22,210","22,914","18,866","17,781","17,000","18,127","19,782","17,134","17,139","18,595","20,696","22,424","23,380","20,970","20,029","19,783","19,083","19,269","19,331","17,510","16,831","18,314","20,165","28,723","31,092","23,368","19,346","20,032","22,219","23,709",,mtp03_20211028_190009.bmp
"1776,5","32,904","27,540","26,457","25,516","26,053","33,706","41,928","40,174","35,193","29,749","31,356","34,920","50,517","43,135","42,665","38,778","41,603","41,651","53,181","53,352","53,543","50,592","49,338","52,849","68,859","61,424","60,487","51,980","51,597","50,265","56,338","56,132","56,204","49,861","46,654","49,860","74,022","65,848","63,725","54,181","52,895","50,661","60,917","63,152","62,353","50,081","52,514","57,532","17,166","16,369","17,173","18,046","19,682","19,504","21,707","20,231","17,297","16,014","15,632","16,532","17,348","16,618","16,704","18,064","19,596","19,121","22,082","22,598","19,205","17,884","17,156","18,360","20,012","17,291","17,329","18,851","20,698","22,834","23,405","20,842","20,262","20,060","19,447","19,601","19,745","17,718","16,998","18,450","20,123","28,765","31,054","23,510","19,527","20,293","22,326","23,980",,mtp03_20211028_193010.bmp
"1806,5","33,221","27,631","26,411","25,464","26,270","34,029","42,250","40,642","35,755","30,135","31,804","35,294","51,317","44,081","43,623","39,665","42,091","42,148","54,261","54,499","54,635","51,747","50,497","54,278","70,670","63,080","62,048","52,554","52,688","51,488","57,879","57,628","57,701","51,055","48,230","51,466","76,501","68,097","65,909","55,003","53,529","51,953","63,018","65,332","64,410","50,439","53,217","58,329","17,074","16,402","17,198","18,117","19,803","19,284","21,396","20,160","17,336","15,850","15,469","16,292","17,194","16,445","16,602","18,061","19,497","19,191","22,148","22,370","18,910","17,720","16,979","18,120","19,664","17,114","17,228","18,661","20,459","22,713","23,364","20,654","20,163","19,827","19,101","19,353","19,365","17,495","16,907","18,328","20,135","28,712","31,048","23,381","19,387","19,927","22,187","23,925",,mtp03_20211028_200009.bmp
"1836,5","33,557","27,675","26,313","25,370","26,138","34,532","42,633","41,129","36,222","30,298","32,122","35,720","52,083","45,203","44,722","40,684","42,817","42,576","55,527","55,752","55,969","52,974","51,836","55,735","72,492","64,723","63,737","53,348","53,334","52,428","59,492","59,287","59,376","52,449","50,169","53,264","78,834","70,187","68,011","55,782","54,284","52,658","65,167","67,433","66,589","51,285","53,857","59,214","16,987","16,179","16,873","17,658","19,225","18,785","20,626","19,821","17,243","15,941","15,653","16,473","17,232","16,529","16,592","17,876","19,257","19,079","21,914","22,345","19,216","17,829","17,143","18,329","19,775","17,281","17,219","18,689","20,233","22,238","23,615","21,117","20,033","20,060","19,630","19,694","19,765","17,771","16,898","18,343","19,818","28,615","31,014","23,299","19,362","20,161","22,264","23,868",,mtp03_20211028_203010.bmp
"1866,5","34,038","28,147","26,982","25,948","26,688","34,906","42,898","41,536","37,040","31,132","32,757","36,384","52,882","46,257","45,700","41,437","43,351","43,043","56,763","56,963","57,145","54,102","53,026","57,109","74,240","66,262","65,304","53,914","53,935","53,144","61,128","60,910","61,057","53,855","51,706","54,976","81,355","72,417","70,334","56,615","55,068","53,346","67,331","69,663","68,789","52,111","54,952","60,213","17,227","16,552","17,301","18,404","19,537","19,227","21,321","20,433","17,301","15,941","15,545","16,353","17,292","16,481","16,615","18,104","19,625","19,275","22,093","22,769","19,270","17,881","17,102","18,340","19,723","17,251","17,280","18,691","20,759","22,647","23,521","20,691","20,311","20,312","19,578","19,628","19,940","17,615","17,028","18,502","20,291","28,749","31,092","23,754","19,749","20,398","22,422","24,429",,mtp03_20211028_210010.bmp
"1896,5","34,459","28,330","27,174","26,148","26,676","35,054","43,070","41,788","37,574","31,185","32,963","36,537","53,506","47,182","46,599","42,043","43,807","43,497","57,898","58,033","58,258","55,022","54,087","58,157","75,925","67,802","66,926","54,612","54,559","53,639","62,850","62,455","62,631","54,830","53,357","56,105","83,604","74,462","72,382","57,372","55,898","54,053","69,547","71,868","71,065","52,980","55,769","61,243","17,200","16,369","17,125","18,089","19,225","19,043","20,942","19,809","17,225","15,859","15,554","16,375","17,366","16,603","16,586","17,809","19,296","19,023","22,000","22,277","19,023","17,722","16,926","18,139","19,946","17,310","17,293","18,863","20,545","22,607","23,418","20,924","20,120","19,952","19,239","19,507","20,226","17,835","16,966","18,503","20,168","28,474","31,059","23,503","19,448","20,046","22,161","23,884",,mtp03_20211028_213010.bmp
"1926,5","34,913","28,474","27,232","26,315","26,934","35,572","43,565","42,450","38,360","31,886","33,817","37,791","54,401","48,164","47,711","43,060","44,517","44,045","59,321","59,498","59,771","55,709","54,823","59,009","77,610","69,445","68,527","55,183","55,183","54,317","64,614","64,328","64,547","55,580","54,223","57,205","85,892","76,562","74,548","58,155","56,611","54,886","71,816","74,191","73,296","53,697","56,860","62,290","17,235","16,336","17,004","17,810","19,491","19,095","21,068","19,845","17,378","15,954","15,596","16,455","17,477","16,604","16,536","17,974","19,453","19,226","22,135","22,210","19,639","17,924","17,063","18,257","19,918","17,277","17,379","18,824","20,499","22,360","23,424","20,997","20,236","20,373","19,826","19,863","20,116","17,950","16,984","18,535","20,028","28,973","31,086","23,648","19,594","20,372","22,501","24,174",,mtp03_20211028_220010.bmp
"1956,5","35,267","28,695","27,114","26,130","26,814","35,628","43,589","42,556","38,865","31,954","34,053","38,020","55,026","48,907","48,481","43,618","44,922","44,475","60,462","60,625","60,848","56,199","55,260","59,300","79,214","70,809","69,941","55,734","55,770","54,882","66,419","65,904","66,051","56,179","54,972","57,752","87,936","78,512","76,654","58,852","57,445","55,688","73,948","76,324","75,498","54,380","57,692","63,118","17,225","16,452","16,843","17,676","19,163","18,961","20,792","19,662","17,069","15,865","15,492","16,444","17,380","16,572","16,547","17,721","19,157","19,097","21,843","22,550","19,379","17,676","16,799","18,021","19,943","17,218","17,201","18,764","20,387","22,817","23,709","20,904","20,076","20,119","19,591","19,506","20,189","17,937","16,830","18,455","19,951","28,419","31,052","23,325","19,274","20,217","22,338","23,894",,mtp03_20211028_223009.bmp
"1986,5","35,744","28,938","27,462","26,725","27,355","36,208","44,159","43,153","39,834","32,873","35,343","39,399","55,858","49,904","49,583","44,585","45,679","45,156","61,833","61,965","62,266","56,880","55,951","60,246","80,817","72,385","71,596","56,437","56,374","55,605","68,219","67,750","68,044","57,087","55,923","58,892","90,017","80,538","78,754","59,929","58,304","56,456","76,249","78,604","77,762","55,416","58,864","64,532","17,199","16,434","17,086","17,690","19,684","19,219","20,954","19,921","17,430","15,854","15,518","16,395","17,311","16,578","16,624","17,950","19,372","19,176","22,118","22,865","19,328","17,813","16,952","18,158","19,820","17,087","17,212","18,688","20,523","22,958","23,615","21,206","20,153","20,240","19,727","19,664","19,884","17,727","16,916","18,467","20,305","28,817","31,203","23,684","19,618","20,251","22,624","24,498",,mtp03_20211028_230009.bmp
"2016,5","36,145","29,140","27,524","26,452","27,594","36,301","44,225","43,392","40,312","33,324","35,835","39,963","56,381","50,709","50,386","45,235","46,157","45,443","63,089","63,244","63,476","57,245","56,422","60,698","82,117","73,676","73,010","56,845","56,784","55,994","69,931","69,556","69,717","57,710","56,511","59,691","91,923","82,225","80,674","60,523","59,019","57,153","78,293","80,768","79,812","56,315","59,623","65,575","17,004","16,295","16,947","17,810","19,329","18,845","20,677","19,791","17,162","15,909","15,650","16,460","17,232","16,451","16,496","17,800","19,148","18,818","21,775","22,293","19,447","17,679","17,060","18,189","19,642","17,173","17,147","18,642","20,072","22,642","23,838","21,189","20,316","20,397","19,814","19,833","19,917","17,851","16,942","18,421","19,993","28,642","30,895","23,330","19,506","20,139","22,321","24,092",,mtp03_20211028_233011.bmp
"2046,5","36,598","29,525","28,038","27,005","28,039","36,604","44,642","43,864","41,115","34,032","36,531","40,653","57,176","51,481","51,265","45,998","46,871","46,092","64,354","64,560","64,795","57,827","56,915","61,312","83,503","74,950","74,385","57,602","57,465","56,573","71,601","71,188","71,579","58,401","57,391","60,680","93,666","83,911","82,431","61,449","59,840","57,941","80,409","82,788","81,981","57,096","60,663","66,635","17,208","16,446","17,320","18,104","19,495","19,163","20,622","20,246","17,450","15,727","15,484","16,186","17,300","16,668","16,621","18,261","19,430","19,152","22,001","23,122","19,335","17,789","17,075","18,232","19,867","17,197","17,166","18,824","20,493","22,323","24,270","21,630","20,467","20,604","19,986","19,883","20,032","17,765","17,021","18,595","20,471","28,667","31,045","23,989","19,693","20,524","22,561","24,480",,mtp03_20211029_000011.bmp
"2076,5","37,097","29,801","28,032","27,123","28,355","36,966","44,927","44,256","41,583","34,568","37,288","41,525","57,785","52,289","52,032","46,811","47,511","46,673","65,526","65,721","65,909","58,370","57,525","61,871","84,819","76,158","75,623","58,149","57,988","57,113","73,286","72,884","73,163","59,090","58,125","61,471","95,209","85,487","84,140","62,255","60,666","58,716","82,242","84,670","83,844","57,992","61,545","67,651","17,346","16,504","17,401","18,210","19,594","19,205","20,464","20,412","17,493","15,866","15,556","16,473","17,507","16,657","16,696","18,256","19,518","19,031","22,447","22,893","19,712","17,831","17,054","18,190","19,847","17,283","17,259","18,998","20,698","22,430","24,419","21,401","20,558","20,890","20,198","20,337","20,256","18,030","17,194","18,754","20,463","28,762","31,133","24,230","19,965","20,590","22,695","24,461",,mtp03_20211029_003011.bmp
"2106,5","37,675","29,922","28,081","27,347","28,567","37,216","45,116","44,491","42,225","34,822","38,054","42,221","58,415","52,935","52,904","47,492","48,005","47,118","66,663","66,893","67,158","58,749","57,958","62,364","86,016","77,253","76,801","58,685","58,643","57,738","74,909","74,522","74,833","59,766","58,837","62,318","96,591","86,903","85,654","62,942","61,442","59,473","83,953","86,312","85,545","58,668","62,391","68,481","17,321","16,430","17,118","17,814","19,207","19,051","20,342","19,794","17,290","15,926","15,561","16,515","17,409","16,628","16,581","17,982","19,343","19,116","22,273","22,341","19,572","17,770","16,968","18,166","19,882","17,225","17,257","18,716","20,460","22,570","24,611","21,620","20,476","20,663","20,141","20,000","20,180","18,007","16,979","18,569","20,323","28,864","31,289","23,852","19,582","20,555","22,704","24,369",,mtp03_20211029_010010.bmp
"2136,5","37,884","30,182","28,600","27,574","28,775","37,303","45,346","44,781","42,675","35,311","38,592","42,817","59,074","53,595","53,554","48,194","48,636","47,679","67,690","68,018","68,202","59,070","58,294","62,821","87,122","78,305","77,842","59,254","59,190","58,361","76,421","76,068","76,444","60,324","59,512","63,138","97,875","88,138","87,104","63,614","62,081","60,151","85,500","87,890","87,126","59,527","63,324","69,476","17,091","16,426","17,130","18,056","19,321","19,043","20,498","19,702","17,123","15,808","15,554","16,470","17,266","16,542","16,516","17,866","19,341","18,886","21,886","22,386","19,322","17,822","17,091","18,235","19,836","17,216","17,141","18,637","20,561","22,642","24,364","21,339","20,385","20,413","19,912","19,923","20,128","17,910","16,994","18,648","20,395","28,749","31,098","23,694","19,589","20,364","22,393","24,218",,mtp03_20211029_013011.bmp
"2166,5","38,446","30,390","28,492","27,735","29,083","37,583","45,527","45,029","43,098","36,090","39,254","43,458","59,682","54,123","54,270","48,835","49,134","48,157","68,856","69,122","69,361","59,435","58,676","63,226","87,992","79,248","78,938","59,751","59,650","58,843","77,892","77,565","77,770","60,920","60,195","63,906","98,919","89,243","88,383","64,273","62,845","60,872","86,883","89,341","88,542","60,039","64,067","70,152","17,124","16,456","17,186","17,820","19,455","19,185","20,281","20,204","17,267","15,885","15,731","16,550","17,315","16,538","16,600","18,172","19,219","18,979","22,000","22,238","19,659","17,903","17,151","18,282","19,711","17,273","17,256","18,781","20,439","22,530","24,223","21,454","20,470","20,774","20,028","20,138","20,299","18,037","17,176","18,754","20,435","28,754","31,059","23,888","19,768","20,473","22,561","24,534",,mtp03_20211029_020011.bmp
"2196,5","38,734","30,481","28,769","27,857","29,180","37,736","45,831","45,343","43,545","36,604","39,783","44,097","60,121","54,737","54,866","49,460","49,671","48,721","69,819","70,146","70,449","60,062","59,206","63,770","88,784","80,088","79,775","60,217","60,077","59,254","79,134","78,895","79,230","61,687","60,837","64,669","99,940","90,165","89,396","64,918","63,438","61,519","87,997","90,549","89,768","60,650","64,688","70,962","16,896","16,192","17,108","17,826","19,180","18,988","20,096","19,719","17,104","15,775","15,557","16,439","17,176","16,401","16,387","17,710","19,111","18,809","21,602","22,119","19,442","17,692","16,979","18,046","19,552","17,037","17,064","18,587","20,160","22,741","24,227","21,386","20,376","20,464","19,965","19,973","19,938","17,787","16,930","18,465","20,269","28,691","31,064","23,703","19,486","20,364","22,370","24,150",,mtp03_20211029_023011.bmp
"2226,5","39,268","31,010","28,994","28,273","29,421","38,023","46,135","45,713","44,040","37,503","40,457","44,735","60,700","55,367","55,514","50,224","50,305","49,323","70,947","71,272","71,523","60,419","59,621","64,355","89,649","80,840","80,686","60,673","60,591","59,840","80,468","80,233","80,662","62,349","61,695","65,578","100,904","91,143","90,462","65,597","64,048","62,240","89,217","91,796","90,949","61,251","65,459","71,794","17,120","16,501","17,404","17,800","19,267","19,359","20,584","20,038","17,507","15,868","15,725","16,485","17,445","16,667","16,648","18,124","19,184","18,973","22,022","22,563","19,679","17,922","17,073","18,214","19,854","17,193","17,225","18,904","20,354","22,230","24,406","21,694","20,685","20,935","20,290","20,454","20,405","18,188","17,116","18,827","20,470","29,101","31,172","23,957","19,793","20,724","22,558","24,448",,mtp03_20211029_030012.bmp
"2256,5","39,688","31,237","29,424","28,444","29,729","38,141","46,262","45,910","44,451","37,989","40,887","45,225","61,176","55,859","56,061","50,841","50,878","49,893","71,759","72,161","72,363","60,875","60,098","64,766","90,341","81,524","81,424","61,151","61,027","60,318","81,673","81,524","81,866","62,938","62,309","66,316","101,599","91,913","91,358","66,134","64,619","62,738","90,138","92,665","91,837","61,856","66,210","72,423","17,261","16,575","17,522","18,141","19,704","19,621","20,637","20,259","17,229","15,858","15,557","16,371","17,260","16,444","16,470","17,996","19,438","19,040","22,100","22,663","19,248","17,852","17,084","18,337","19,804","17,184","17,219","18,667","20,491","22,356","24,367","21,646","20,622","20,718","20,100","19,991","20,412","17,870","17,168","18,723","20,556","29,038","31,154","24,022","19,711","20,547","22,695","24,617",,mtp03_20211029_033011.bmp
"2286,5","39,993","31,262","29,640","28,433","29,982","38,275","46,487","46,140","44,876","38,499","41,291","45,675","61,712","56,357","56,535","51,382","51,400","50,383","72,611","72,976","73,292","61,227","60,454","65,234","90,788","82,000","81,963","61,481","61,443","60,620","82,759","82,594","83,025","63,499","62,842","67,013","102,075","92,433","92,113","66,723","65,183","63,289","90,588","93,236","92,359","62,380","66,954","73,058","16,949","16,230","17,087","17,654","19,290","19,408","20,210","20,090","17,021","15,689","15,529","16,256","17,056","16,398","16,323","17,724","19,129","18,771","21,988","22,559","19,070","17,778","16,998","18,097","19,640","17,059","17,069","18,513","20,360","22,261","24,465","21,477","20,280","20,505","20,011","19,934","20,146","17,777","17,020","18,588","20,402","28,908","31,100","23,995","19,641","20,198","22,396","24,170",,mtp03_20211029_040011.bmp
"2316,5","40,353","31,714","29,882","28,806","30,586","38,536","46,850","46,465","45,331","39,302","41,785","46,265","62,266","56,821","57,123","52,053","51,957","50,976","73,357","73,856","74,167","61,610","60,903","65,713","91,421","82,614","82,581","61,923","61,792","61,068","83,837","83,688","84,109","64,061","63,476","67,810","102,560","92,951","92,791","67,286","65,690","63,893","91,018","93,695","92,818","62,920","67,655","73,684","17,317","16,617","17,598","18,246","19,765","19,457","20,497","20,237","17,232","15,750","15,494","16,298","17,280","16,560","16,478","18,100","19,596","18,976","22,241","22,544","19,658","17,804","17,026","18,230","19,834","17,225","17,169","18,915","20,369","22,422","24,373","21,790","20,662","20,785","20,315","20,249","20,500","18,020","17,208","18,848","20,694","29,100","31,263","23,967","19,925","20,715","22,834","24,661",,mtp03_20211029_043011.bmp
"2346,5","40,719","31,756","30,090","28,904","30,899","38,799","47,102","46,839","45,749","39,936","42,313","46,818","62,720","57,393","57,670","52,690","52,561","51,631","74,182","74,616","74,909","62,045","61,335","66,101","91,860","83,034","83,031","62,281","62,257","61,544","84,637","84,578","85,144","64,583","64,173","68,379","102,964","93,338","93,287","67,702","66,249","64,442","91,230","93,896","93,086","63,409","68,051","74,303","17,214","16,230","17,209","17,710","19,666","19,423","20,602","19,749","17,207","15,669","15,409","16,245","17,281","16,539","16,435","17,868","19,222","18,916","21,789","22,360","19,354","17,708","16,934","18,052","19,755","17,055","17,108","18,585","20,353","22,476","24,607","21,553","20,482","20,463","20,078","19,719","20,310","17,808","16,951","18,619","20,546","29,023","31,468","24,005","19,717","20,385","22,631","24,532",,mtp03_20211029_050010.bmp
"2376,5","41,155","32,039","30,221","29,093","31,197","39,044","47,322","47,104","46,067","40,571","42,798","47,217","63,182","57,752","58,122","53,181","53,127","52,148","74,859","75,279","75,636","62,424","61,620","66,526","92,163","83,390","83,519","62,636","62,553","61,816","85,453","85,543","85,925","65,117","64,723","68,998","103,304","93,722","93,656","68,168","66,644","64,943","91,527","94,203","93,350","63,777","68,703","74,850","17,112","16,295","17,208","17,524","19,107","19,345","19,952","19,963","17,119","15,855","15,677","16,513","17,272","16,518","16,477","17,759","19,125","18,883","21,579","22,782","19,611","17,886","17,063","18,311","19,824","17,149","17,229","18,828","20,080","22,292","24,693","21,406","20,625","20,586","20,241","20,225","20,536","18,240","17,097","18,777","20,202","29,126","31,433","23,904","19,712","20,633","22,897","24,435",,mtp03_20211029_053011.bmp
"2406,5","41,487","32,247","30,437","29,232","31,862","39,197","47,353","47,248","46,449","41,307","43,214","47,700","63,469","58,050","58,445","53,642","53,607","52,575","75,325","75,843","76,168","62,657","61,936","66,802","92,478","83,687","83,792","62,888","62,865","62,180","86,139","86,202","86,668","65,542","65,157","69,536","103,727","94,073","93,982","68,507","67,141","65,228","91,733","94,405","93,579","64,258","69,246","75,351","16,982","16,178","17,281","17,644","19,407","19,181","20,344","19,871","17,139","15,612","15,449","16,272","17,143","16,416","16,378","17,774","19,143","18,749","21,763","22,385","19,174","17,670","16,900","18,064","19,639","17,020","17,030","18,581","20,433","22,693","24,546","21,740","20,547","20,508","20,084","19,770","20,307","17,781","17,004","18,594","20,607","29,135","31,551","24,242","19,474","20,516","22,676","24,511",,mtp03_20211029_060010.bmp
"2436,5","41,764","32,687","30,779","29,586","32,259","39,296","47,627","47,446","46,671","41,780","43,465","47,963","63,882","58,522","58,906","54,144","54,176","53,148","75,810","76,457","76,824","62,905","62,280","67,124","92,822","83,968","84,178","63,282","63,267","62,474","86,791","86,859","87,377","65,951","65,686","70,023","103,987","94,340","94,324","68,949","67,511","65,674","92,023","94,701","93,882","64,604","69,695","75,775","17,296","16,505","17,410","17,865","19,477","19,064","20,415","20,205","17,364","15,715","15,467","16,327","17,348","16,667","16,613","18,141","19,384","18,892","22,026","22,656","19,574","17,795","17,018","18,224","19,871","17,205","17,212","18,915","20,461","22,553","24,634","21,717","20,753","20,841","20,361","20,278","20,534","18,062","17,311","18,881","20,785","29,045","31,207","24,366","19,781","20,730","22,845","24,759",,mtp03_20211029_063012.bmp
"2466,5","42,158","32,819","30,816","29,611","32,376","39,607","47,940","47,760","47,096","42,358","43,867","48,499","64,254","58,840","59,385","54,652","54,639","53,665","76,406","76,957","77,322","63,245","62,617","67,443","92,989","84,170","84,473","63,599","63,578","62,882","87,291","87,481","88,067","66,359","66,156","70,477","104,330","94,784","94,751","69,332","67,982","66,157","92,371","94,952","94,125","64,996","70,156","76,313","17,151","16,484","17,133","17,577","19,497","19,261","20,191","19,915","17,214","15,810","15,626","16,468","17,449","16,607","16,548","17,953","19,139","18,872","21,767","22,609","19,518","17,834","16,995","18,135","19,765","17,158","17,174","18,713","20,343","22,811","24,614","21,715","20,659","20,817","20,333","20,231","20,497","18,238","17,113","18,680","20,636","29,719","31,272","24,273","19,950","20,757","22,912","24,675",,mtp03_20211029_070012.bmp
"2496,5","42,512","32,987","31,024","29,972","32,700","39,857","48,102","48,039","47,625","42,968","44,391","49,011","64,569","59,170","59,710","54,810","55,080","54,182","76,808","77,380","77,747","63,606","62,867","67,822","93,133","84,333","84,722","63,845","63,782","63,104","87,837","87,909","88,525","66,827","66,719","71,055","104,675","95,045","95,029","69,775","68,333","66,525","92,692","95,310","94,495","65,340","70,744","76,751","17,094","16,470","17,085","17,895","19,644","18,934","20,350","20,041","17,074","15,788","15,548","16,426","17,350","16,561","16,524","17,903","19,158","18,883","22,020","22,845","19,479","17,781","16,965","18,140","19,753","17,188","17,174","18,830","20,448","22,580","24,636","22,011","20,759","20,738","20,276","20,237","20,474","18,244","17,126","18,721","20,621","29,762","31,398","23,988","19,771","20,536","22,918","24,764",,mtp03_20211029_073012.bmp
"2526,5","42,855","33,230","31,241","30,200","32,925","40,021","48,407","48,339","47,860","43,406","44,749","49,413","64,835","59,608","60,078","55,078","55,275","54,815","77,176","77,769","78,180","63,868","63,234","68,194","93,272","84,499","84,777","64,183","64,166","63,447","88,202","88,418","89,055","67,247","67,094","71,472","104,948","95,254","95,273","70,018","68,640","66,875","93,041","95,623","94,788","65,624","70,985","77,177","17,013","16,510","17,162","17,634","19,684","18,934","20,345","19,945","17,149","15,773","15,637","16,508","17,296","16,536","16,533","17,827","19,187","18,853","22,021","22,682","19,637","17,843","17,106","18,121","19,603","17,214","17,220","18,740","20,230","22,348","24,875","21,597","20,701","20,796","20,246","20,214","20,455","18,197","17,297","18,850","20,468","29,733","31,418","24,096","19,908","20,674","22,893","24,891",,mtp03_20211029_080012.bmp
"2556,5","43,219","33,482","31,328","30,450","33,214","39,976","48,452","48,401","48,023","43,792","44,887","49,521","65,097","59,781","60,297","55,172","55,427","55,168","77,438","78,091","78,358","63,994","63,388","68,258","93,254","84,558","85,000","64,377","64,416","63,597","88,474","88,813","89,369","67,487","67,405","71,746","105,219","95,652","95,570","70,242","68,925","67,157","93,293","95,991","95,090","65,852","71,332","77,449","17,101","16,413","17,185","17,739","19,556","19,021","20,396","19,917","17,102","15,792","15,619","16,505","17,237","16,411","16,442","17,737","19,068","18,733","21,965","22,366","19,339","17,850","17,025","18,175","19,664","17,140","17,081","18,657","20,312","22,181","24,737","21,578","20,492","20,724","20,311","20,401","20,418","18,081","17,114","18,657","20,444","29,764","31,447","24,228","19,561","20,600","22,787","24,768",,mtp03_20211029_083010.bmp
"2586,5","43,502","33,559","31,585","30,626","33,603","40,272","48,791","48,701","48,441","44,291","45,316","50,030","65,460","60,046","60,695","55,391","55,572","55,496","77,698","78,427","78,821","64,357","63,675","68,686","93,267","84,615","84,989","64,639","64,695","63,987","88,748","89,107","89,778","67,873","67,807","72,213","105,457","95,879","95,856","70,587","69,227","67,470","93,777","96,470","95,552","66,142","71,682","77,773","16,966","16,328","17,071","17,380","19,605","18,795","20,228","19,807","17,108","15,732","15,546","16,469","17,225","16,444","16,432","17,860","19,017","18,667","22,153","22,388","19,478","17,764","17,075","18,186","19,608","17,174","17,154","18,619","20,211","22,455","24,586","22,139","20,567","20,645","20,188","20,105","20,331","18,176","17,193","18,716","20,332","29,751","31,360","23,889","19,756","20,531","22,882","24,690",,mtp03_20211029_090012.bmp
"2617,25","43,829","33,736","31,568","30,698","33,667","40,273","48,645","48,663","48,388","44,513","45,359","49,977","65,701","60,242","60,836","55,381","55,585","55,557","77,842","78,652","78,922","64,410","63,673","68,604","93,311","84,643","85,064","64,916","64,909","64,085","88,938","89,321","89,922","68,140","68,073","72,473","105,730","96,153","96,124","70,872","69,527","67,815","94,121","96,730","95,955","66,349","71,789","77,941","17,054","16,306","17,061","17,775","19,144","18,785","20,105","19,765","16,890","15,519","15,268","16,162","17,162","16,456","16,354","17,679","18,882","18,567","21,590","21,969","19,055","17,517","16,702","17,862","19,724","17,027","17,086","18,579","20,229","22,349","24,556","21,501","20,518","20,262","19,654","19,560","20,637","18,127","17,055","18,630","20,453","29,524","31,438","23,626","19,558","20,152","22,512","24,337",,mtp03_20211029_093046.bmp
"2647,5","44,015","34,026","31,901","31,065","34,273","40,406","48,886","48,927","48,731","44,940","45,823","50,416","65,893","60,526","61,123","55,624","55,807","55,707","78,062","78,784","79,223","64,706","64,086","68,974","93,379","84,630","85,036","65,057","65,128","64,349","89,222","89,554","90,287","68,507","68,408","72,936","106,003","96,318","96,363","71,171","69,767","67,955","94,471","97,209","96,348","66,578","72,167","78,489","17,210","16,429","17,217","17,520","18,942","19,405","20,250","19,722","17,262","15,823","15,520","16,484","17,351","16,578","16,473","18,025","18,953","18,641","21,703","22,111","19,740","17,863","16,960","18,134","19,820","17,307","17,451","18,774","20,221","22,219","24,408","21,458","20,760","20,882","20,260","20,216","20,646","18,677","17,402","18,971","20,648","29,632","31,198","24,070","19,836","20,870","22,931","24,661",,mtp03_20211029_100112.bmp
"2677,5","44,231","34,432","32,186","31,553","34,560","40,583","49,152","49,091","48,986","45,368","46,094","50,754","66,087","60,716","61,360","55,662","56,036","55,895","78,197","78,988","79,459","64,956","64,281","69,226","93,448","84,653","85,138","65,260","65,396","64,570","89,318","89,756","90,437","68,790","68,793","73,374","106,226","96,525","96,549","71,495","70,099","68,389","94,813","97,506","96,643","66,842","72,570","78,690","17,290","16,620","17,514","17,743","19,456","19,541","20,394","20,193","17,213","15,683","15,460","16,337","17,369","16,727","16,475","18,246","19,269","18,816","22,005","22,752","19,790","17,800","17,044","18,186","19,937","17,290","17,220","18,923","20,375","22,208","24,627","21,833","20,846","20,907","20,325","20,311","20,772","18,424","17,430","18,941","20,826","29,725","31,395","24,367","19,939","20,896","23,121","24,743",,mtp03_20211029_103113.bmp

